{
  "-1.0": {
    "precision": 0.5426559454191033,
    "recall": 0.5303481699338363,
    "f1_score": 0.5359562372307273,
    "support": 186.66666666666666
  },
  "0.0": {
    "precision": 0.3797442354219129,
    "recall": 0.3929338549757398,
    "f1_score": 0.38477992063865224,
    "support": 176.33333333333334
  },
  "1.0": {
    "precision": 0.6384980915069688,
    "recall": 0.6329698898846553,
    "f1_score": 0.6342152752467712,
    "support": 284.0
  }
}