{
  "0.0": {
    "precision": 0.5606032440120973,
    "recall": 0.489385320177205,
    "f1-score": 0.5216410008979668,
    "support": 192.66666666666666
  },
  "1.0": {
    "precision": 0.3603640966310779,
    "recall": 0.562791441846365,
    "f1-score": 0.43715301123851047,
    "support": 179.0
  },
  "2.0": {
    "precision": 0.6993778280542986,
    "recall": 0.5156873417742983,
    "f1-score": 0.592705583695358,
    "support": 293.3333333333333
  }
}