{
  "-1.0": {
    "precision": 0.5361340435775143,
    "recall": 0.5645061918298201,
    "f1_score": 0.5497793736713293,
    "support": 186.66666666666666
  },
  "0.0": {
    "precision": 0.41280924391933604,
    "recall": 0.3937569120815194,
    "f1_score": 0.4018926016460958,
    "support": 176.33333333333334
  },
  "1.0": {
    "precision": 0.6511793463469434,
    "recall": 0.6462977523342812,
    "f1_score": 0.6480583453390407,
    "support": 284.0
  }
}