{
  "0.0": {
    "precision": 0.5118155939594605,
    "recall": 0.4315605841947465,
    "f1-score": 0.4633811724176297,
    "support": 192.66666666666666
  },
  "1.0": {
    "precision": 0.8378378378378378,
    "recall": 0.0525584193609431,
    "f1-score": 0.0905983512194219,
    "support": 179.0
  },
  "2.0": {
    "precision": 0.5201847204342526,
    "recall": 0.8608934315456054,
    "f1-score": 0.6466044104874774,
    "support": 293.3333333333333
  }
}