{
  "-1.0": {
    "precision": 0.7122917356283791,
    "recall": 0.22512722661633808,
    "f1-score": 0.2845161886878343,
    "support": 188.0
  },
  "0.0": {
    "precision": 0.7916666666666666,
    "recall": 0.019700219672701785,
    "f1-score": 0.03692515403779471,
    "support": 179.0
  },
  "1.0": {
    "precision": 0.4816397784425286,
    "recall": 0.9535159961989231,
    "f1-score": 0.6370299844291133,
    "support": 288.0
  }
}