{
  "-1.0": {
    "precision": 0.5376588485396775,
    "recall": 0.5680149637596447,
    "f1_score": 0.5522374636857396,
    "support": 186.66666666666666
  },
  "0.0": {
    "precision": 0.41719876299073816,
    "recall": 0.3935379629096907,
    "f1_score": 0.40386144638639615,
    "support": 176.33333333333334
  },
  "1.0": {
    "precision": 0.6539774862200233,
    "recall": 0.6506253856077178,
    "f1_score": 0.6514626713509786,
    "support": 284.0
  }
}