{
  "-1.0": {
    "precision": 0.5361123868408666,
    "recall": 0.5500270725914623,
    "f1_score": 0.5426105923356226,
    "support": 186.66666666666666
  },
  "0.0": {
    "precision": 0.3831646647925718,
    "recall": 0.39405576971022,
    "f1_score": 0.3865657020737235,
    "support": 176.33333333333334
  },
  "1.0": {
    "precision": 0.6514197620172163,
    "recall": 0.6311609587590709,
    "f1_score": 0.6406316903123453,
    "support": 284.0
  }
}