{
  "0.0": {
    "precision": 0.5504926905479298,
    "recall": 0.4174381628406498,
    "f1-score": 0.4660529760002435,
    "support": 192.66666666666666
  },
  "1.0": {
    "precision": 0.7626714370900417,
    "recall": 0.10085528204027011,
    "f1-score": 0.1470669427191166,
    "support": 179.0
  },
  "2.0": {
    "precision": 0.5287353909775908,
    "recall": 0.8639456085108259,
    "f1-score": 0.6528325794338639,
    "support": 293.3333333333333
  }
}