{
  "0.0": {
    "precision": 0.5181575389200752,
    "recall": 0.47120326572928145,
    "f1-score": 0.48635773724924636,
    "support": 126.0
  },
  "1.0": {
    "precision": 0.45415675876401496,
    "recall": 0.27001558413513865,
    "f1-score": 0.2862832723339831,
    "support": 119.2
  },
  "2.0": {
    "precision": 0.5913956357871999,
    "recall": 0.7213640072768305,
    "f1-score": 0.6448506402833092,
    "support": 197.8
  }
}