{
  "0.0": {
    "precision": 0.5427658954252043,
    "recall": 0.49829087797019733,
    "f1-score": 0.519207515099369,
    "support": 192.66666666666666
  },
  "1.0": {
    "precision": 0.3703204900190198,
    "recall": 0.4844875453821811,
    "f1-score": 0.41932898912488636,
    "support": 179.0
  },
  "2.0": {
    "precision": 0.6705508307740767,
    "recall": 0.5800037050037051,
    "f1-score": 0.6215752080947219,
    "support": 293.3333333333333
  }
}