{
  "-1.0": {
    "precision": 0.5330046738754827,
    "recall": 0.5568294713871421,
    "f1_score": 0.5446110834531844,
    "support": 186.66666666666666
  },
  "0.0": {
    "precision": 0.40738876664013607,
    "recall": 0.38730030876627736,
    "f1_score": 0.39656888940708573,
    "support": 176.33333333333334
  },
  "1.0": {
    "precision": 0.6503338631274332,
    "recall": 0.6529472084273705,
    "f1_score": 0.6511998183497317,
    "support": 284.0
  }
}