{
  "0.0": {
    "precision": 0.6264699814318135,
    "recall": 0.3685271317829457,
    "f1-score": 0.4225809487951807,
    "support": 254.0
  },
  "1.0": {
    "precision": 1.0,
    "recall": 0.0042230933713471135,
    "f1-score": 0.008410636982065553,
    "support": 237.0
  },
  "2.0": {
    "precision": 0.5123393626559367,
    "recall": 0.9207589285714286,
    "f1-score": 0.654510411456872,
    "support": 395.0
  }
}