{
  "0.0": {
    "precision": 0.5612512625999164,
    "recall": 0.49258079943616595,
    "f1-score": 0.5215752641170803,
    "support": 192.66666666666666
  },
  "1.0": {
    "precision": 0.365588503561189,
    "recall": 0.5617776598852747,
    "f1-score": 0.43958503290368195,
    "support": 179.0
  },
  "2.0": {
    "precision": 0.7036858268075178,
    "recall": 0.5243514971775841,
    "f1-score": 0.6003437536093267,
    "support": 293.3333333333333
  }
}