{
  "-1.0": {
    "precision": 0.49919823741652103,
    "recall": 0.50535123437859,
    "f1_score": 0.5018529524908226,
    "support": 142.75
  },
  "0.0": {
    "precision": 0.36757433814182283,
    "recall": 0.3416123070232659,
    "f1_score": 0.35174723631618066,
    "support": 139.5
  },
  "1.0": {
    "precision": 0.6259381677277309,
    "recall": 0.6472107013769542,
    "f1_score": 0.6357614672295311,
    "support": 224.75
  }
}