{
  "0.0": {
    "precision": 0.6423367697594502,
    "recall": 0.15101034255157292,
    "f1-score": 0.21976636157120946,
    "support": 192.66666666666666
  },
  "1.0": {
    "precision": 1.0,
    "recall": 0.005609484358308065,
    "f1-score": 0.011156137738927216,
    "support": 179.0
  },
  "2.0": {
    "precision": 0.4625276018439944,
    "recall": 0.9621566088957393,
    "f1-score": 0.6235973274412737,
    "support": 293.3333333333333
  }
}