{
  "0.0": {
    "precision": 0.5472443796103749,
    "recall": 0.504947252427619,
    "f1-score": 0.5228658414402694,
    "support": 192.66666666666666
  },
  "1.0": {
    "precision": 0.5027160493827161,
    "recall": 0.21284672734855783,
    "f1-score": 0.2569330324939904,
    "support": 179.0
  },
  "2.0": {
    "precision": 0.5756956513054073,
    "recall": 0.7787989853207246,
    "f1-score": 0.6604782250059874,
    "support": 293.3333333333333
  }
}